,sentences
0,An artist shines brightly.
1,An artist runs a novel.
2,The sun flies over the fence.
3,The sun flies over the fence.
4,The cat jumps in the marathon.
5,An artist writes in the marathon.
6,An artist flies in the marathon.
7,The cat flies through the sky.
8,The sun jumps a novel.
9,A scientist flies in the marathon.
10,A scientist writes in the marathon.
11,A scientist flies a novel.
12,The cat flies brightly.
13,A scientist jumps brightly.
14,The cat flies brightly.
15,A scientist runs in the marathon.
16,The sun shines in the marathon.
17,An artist writes in the marathon.
18,This book flies over the fence.
19,The sun flies through the sky.
20,The cat writes over the fence.
21,The cat shines brightly.
22,This book flies through the sky.
23,A scientist jumps through the sky.
24,The sun runs a novel.
25,A scientist shines brightly.
26,A scientist runs over the fence.
27,The cat shines brightly.
28,This book shines through the sky.
29,The sun runs a novel.
30,The cat jumps brightly.
31,This book jumps through the sky.
32,A scientist shines brightly.
33,A scientist flies in the marathon.
34,A scientist jumps brightly.
35,The sun runs over the fence.
36,A scientist shines through the sky.
37,The cat jumps through the sky.
38,This book runs over the fence.
39,A scientist writes a novel.
40,The cat jumps through the sky.
41,The cat flies through the sky.
42,The cat flies in the marathon.
43,An artist flies over the fence.
44,The sun flies a novel.
45,This book jumps brightly.
46,An artist jumps brightly.
47,An artist writes brightly.
48,A scientist runs through the sky.
49,The sun flies over the fence.
50,The cat flies a novel.
51,The cat flies in the marathon.
52,This book flies over the fence.
53,The cat jumps through the sky.
54,A scientist shines brightly.
55,The cat runs through the sky.
56,A scientist shines in the marathon.
57,The cat jumps through the sky.
58,The sun shines brightly.
59,The cat jumps over the fence.
60,A scientist runs a novel.
61,The sun flies in the marathon.
62,This book jumps over the fence.
63,An artist jumps brightly.
64,The sun flies through the sky.
65,This book flies brightly.
66,A scientist flies a novel.
67,The cat jumps a novel.
68,The cat flies in the marathon.
69,The cat flies a novel.
70,A scientist flies a novel.
71,A scientist jumps through the sky.
72,The sun runs through the sky.
73,This book jumps over the fence.
74,The sun writes over the fence.
75,The cat shines over the fence.
76,The sun shines a novel.
77,The sun jumps in the marathon.
78,The cat shines over the fence.
79,The cat jumps in the marathon.
80,The sun shines brightly.
81,The sun writes through the sky.
82,An artist runs through the sky.
83,The sun writes brightly.
84,The cat flies over the fence.
85,A scientist shines through the sky.
86,The sun runs through the sky.
87,The sun shines a novel.
88,This book flies through the sky.
89,The cat runs brightly.
90,The sun jumps brightly.
91,The sun runs over the fence.
92,This book writes through the sky.
93,The sun jumps in the marathon.
94,The cat writes through the sky.
95,An artist writes brightly.
96,The cat shines over the fence.
97,The sun flies a novel.
98,An artist writes through the sky.
99,The sun flies brightly.
100,A scientist jumps over the fence.
101,The sun flies brightly.
102,An artist writes brightly.
103,The sun jumps in the marathon.
104,The cat flies brightly.
105,The sun flies over the fence.
106,This book flies through the sky.
107,This book writes brightly.
108,A scientist shines a novel.
109,A scientist runs a novel.
110,This book jumps through the sky.
111,The sun runs over the fence.
112,An artist jumps over the fence.
113,A scientist jumps in the marathon.
114,The cat runs brightly.
115,A scientist writes brightly.
116,The cat jumps a novel.
117,An artist runs a novel.
118,The sun writes a novel.
119,This book flies a novel.
120,A scientist jumps a novel.
121,A scientist shines a novel.
122,This book writes a novel.
123,This book flies in the marathon.
124,This book runs in the marathon.
125,An artist flies a novel.
126,This book jumps over the fence.
127,This book flies over the fence.
128,A scientist jumps a novel.
129,An artist runs over the fence.
130,The sun flies a novel.
131,The sun shines in the marathon.
132,The cat flies through the sky.
133,The sun jumps over the fence.
134,This book flies in the marathon.
135,The cat shines through the sky.
136,A scientist flies a novel.
137,A scientist writes through the sky.
138,The cat flies through the sky.
139,The cat runs through the sky.
140,The sun writes in the marathon.
141,This book jumps through the sky.
142,This book flies over the fence.
143,A scientist shines in the marathon.
144,This book shines brightly.
145,The sun writes over the fence.
146,This book writes in the marathon.
147,An artist flies brightly.
148,An artist writes in the marathon.
149,An artist writes a novel.
150,This book jumps over the fence.
151,This book writes a novel.
152,This book flies brightly.
153,A scientist runs in the marathon.
154,An artist jumps brightly.
155,The cat runs through the sky.
156,A scientist jumps through the sky.
157,A scientist jumps in the marathon.
158,This book shines a novel.
159,The sun jumps in the marathon.
160,An artist writes in the marathon.
161,An artist writes brightly.
162,A scientist shines over the fence.
163,A scientist jumps in the marathon.
164,The cat runs brightly.
165,The cat jumps in the marathon.
166,The cat runs through the sky.
167,This book shines over the fence.
168,The cat flies in the marathon.
169,The sun runs over the fence.
170,An artist flies in the marathon.
171,An artist flies in the marathon.
172,The sun writes in the marathon.
173,A scientist flies over the fence.
174,This book runs brightly.
175,The cat runs a novel.
176,A scientist flies brightly.
177,The cat writes brightly.
178,The sun flies over the fence.
179,This book flies brightly.
180,The sun runs over the fence.
181,An artist shines through the sky.
182,A scientist flies through the sky.
183,The cat jumps through the sky.
184,The cat flies in the marathon.
185,The sun jumps brightly.
186,An artist runs in the marathon.
187,The sun runs through the sky.
188,The cat flies over the fence.
189,The sun shines a novel.
190,The sun jumps in the marathon.
191,An artist shines over the fence.
192,An artist shines over the fence.
193,The sun jumps through the sky.
194,The cat jumps in the marathon.
195,This book flies a novel.
196,A scientist runs through the sky.
197,A scientist writes over the fence.
198,The sun runs a novel.
199,An artist shines through the sky.
